name;link;stars;review_count;category
Le Petit Vapoteur;www.lepetitvapoteur.com;4.9;3152.0;food_beverages_tobacco
Comptoir des Vignes;www.comptoirdesvignes.fr;4.9;2210.0;food_beverages_tobacco
MonWhisky.fr;monwhisky.fr;4.9;849.0;food_beverages_tobacco
Belleville Brulerie - Paris;cafesbelleville.com;4.9;820.0;food_beverages_tobacco
Spiruline des îles d'or;spiruline-des-iles-dor.com;4.9;403.0;food_beverages_tobacco
Demain les Vins;demainlesvins.com;4.9;251.0;food_beverages_tobacco
Au-droit-de-bouchon;au-droit-de-bouchon.com;4.9;232.0;food_beverages_tobacco
Stephconti vins & spiritueux;stephconti.fr;4.9;217.0;food_beverages_tobacco
Alcoool - La Start-Up qui adore faire la fête !;alcoool.fr;4.9;194.0;food_beverages_tobacco
Entrepôt Italien;entrepotitalien.fr;4.9;182.0;food_beverages_tobacco
Rhum Attitude;www.rhumattitude.com;4.8;4514.0;food_beverages_tobacco
Vert Tiges;vert-tiges.com;4.8;4293.0;food_beverages_tobacco
La Fourche;lafourche.fr;4.8;3364.0;food_beverages_tobacco
Oliquide;www.oliquide.com;4.8;2767.0;food_beverages_tobacco
Nutri Naturel;nutri-naturel.com;4.8;2010.0;food_beverages_tobacco
Le Petit Ballon;lepetitballon.com;4.8;1641.0;food_beverages_tobacco
Café en grain;cafe-en-grain.com;4.8;1309.0;food_beverages_tobacco
Lu Shan - Art du Thé;boutique.lushan.fr;4.8;942.0;food_beverages_tobacco
Pêché Maison;www.peche-maison.fr;4.8;866.0;food_beverages_tobacco
VDLV e-shop;www.vincentdanslesvapes.fr;4.8;667.0;food_beverages_tobacco
CBD Toulouse;cbdtoulouse.fr;4.8;659.0;food_beverages_tobacco
Oé;oeforgood.com;4.8;629.0;food_beverages_tobacco
Lomi;lomi.coffee;4.8;253.0;food_beverages_tobacco
VignArtea;vignartea.fr;4.8;248.0;food_beverages_tobacco
Malindo;malindo.fr;4.8;240.0;food_beverages_tobacco
e-winery;e-winery.fr;4.8;159.0;food_beverages_tobacco
Champagne Terroir;champagne-terroir.fr;4.8;140.0;food_beverages_tobacco
Dock des Epices;dockdesepices.com;4.8;139.0;food_beverages_tobacco
Hayuco Coffee Roasters ;hayuco.coffee;4.8;124.0;food_beverages_tobacco
Nordic Temptations;www.nordictemptations.com;4.8;117.0;food_beverages_tobacco
La Couleur Du Vin;lacouleurduvin.fr;4.8;112.0;food_beverages_tobacco
LAFRENCHI;lafrenchi.fr;4.8;108.0;food_beverages_tobacco
Le Bon Gustave;lebongustave.com;4.8;92.0;food_beverages_tobacco
Mon Plan CBD;monplancbd.fr;4.8;80.0;food_beverages_tobacco
Zayti;lestresorsdumarocbyzayti.com;4.8;79.0;food_beverages_tobacco
e-vapopote.fr;e-vapopote.fr;4.8;70.0;food_beverages_tobacco
Le petit zeste;lepetitzeste.com;4.8;60.0;food_beverages_tobacco
Nutrimuscle;nutrimuscle.com;4.7;9271.0;food_beverages_tobacco
Ecigplanete;ecigplanete.com;4.7;2362.0;food_beverages_tobacco
Vin Malin;www.vin-malin.fr;4.7;1785.0;food_beverages_tobacco
Peeweepaw;peeweepaw.shop;4.9;749.0;animals_pets
Animauxvillas;www.animauxvillas.com;4.9;451.0;animals_pets
Fenril.fr, Chiens actifs & Outdoor;fenril.fr;4.8;13856.0;animals_pets
Sellerie K'valcade;kvalcade.fr;4.8;666.0;animals_pets
Hariet & Rosie;www.hariet-et-rosie.com;4.8;654.0;animals_pets
Cani-gourmand;canigourmand.com;4.8;407.0;animals_pets
Caats;caats.co;4.8;177.0;animals_pets
Danse-avec-ton-chien;danse-avec-ton-chien.fr;4.8;109.0;animals_pets
Elmut;elmut.fr;4.8;61.0;animals_pets
cheval-energy.com;cheval-energy.com;4.7;10315.0;animals_pets
Oiseaux Mania;oiseaux-mania.com;4.7;4193.0;animals_pets
Hector Kitchen;hectorkitchen.com;4.7;3956.0;animals_pets
Distri'Horse 33;distrihorse33.com;4.7;1325.0;animals_pets
Petty Well;www.pettywell.com;4.7;343.0;animals_pets
Urgences Veterinaires Lyon;urgences-veterinaires-lyon.fr;4.7;317.0;animals_pets
Produits-veto.com;produits-veto.com;4.7;274.0;animals_pets
Vétérinaire de Garde Montpellier;veterinaire-de-garde-montpellier.fr;4.7;95.0;animals_pets
Urgences Veterinaires Nice;urgences-veterinaires-nice.fr;4.7;67.0;animals_pets
CROQ' La Vie;croqlavie.fr;4.6;6024.0;animals_pets
Japhy;japhy.fr;4.6;2890.0;animals_pets
Animaleco.com;animaleco.com;4.6;2776.0;animals_pets
Medailleschien;medailleschien.com;4.6;318.0;animals_pets
Petdesign.fr - my grooming shop;petdesign.fr;4.6;231.0;animals_pets
La Box Naturelle;la-box-naturelle.fr;4.6;93.0;animals_pets
Ouaf Ouaf;www.ouaf-ouaf.fr;4.6;50.0;animals_pets
Urgence Veterinaire Toulouse;veterinaire-de-garde-toulouse.fr;4.6;47.0;animals_pets
All 4 Dog Sports;all4dogsports.fr;4.6;28.0;animals_pets
Puppy Safe;puppy-safe.fr;4.6;20.0;animals_pets
Medpets;medpets.fr;4.5;3800.0;animals_pets
Biofan;biofan.com;4.5;570.0;animals_pets
Esprit-Equitation;www.esprit-equitation.com;4.5;336.0;animals_pets
ZooBio.fr;zoobio.fr;4.5;84.0;animals_pets
Pepette;pepette.co;4.5;79.0;animals_pets
PetsExpert.fr;petsexpert.fr;4.5;47.0;animals_pets
Les merveilles équines;lesmerveillesequines.fr;4.5;30.0;animals_pets
GERANIMO;geranimo.fr;4.5;15.0;animals_pets
Petmeds.fr;www.petmeds.fr;4.4;8456.0;animals_pets
Dog-Sports.com;www.dog-sports.com;4.4;2772.0;animals_pets
Petclic;petclic.fr;4.4;941.0;animals_pets
Equirodi.com;www.equirodi.com;4.4;730.0;animals_pets
Or en Cash;orencash.fr;4.9;3352.0;money_insurance
CDT - Comptoir des Tuileries;www.cdt.fr;4.9;1296.0;money_insurance
Liberkeys;liberkeys.com;4.9;1145.0;money_insurance
Hosman;www.hosman.co;4.9;1142.0;money_insurance
Jedeclaremonmeuble;jedeclaremonmeuble.com;4.9;1033.0;money_insurance
Spliiit;spliiit.com;4.9;684.0;money_insurance
Homki ;homki-immobilier.com;4.9;588.0;money_insurance
International Sante;www.international-sante.com;4.9;530.0;money_insurance
Indy (ex Georges);indy.fr;4.9;430.0;money_insurance
VeraCash;veracash.com;4.9;156.0;money_insurance
Indépendance Financière;www.independancefinanciere.fr;4.9;95.0;money_insurance
Devenez Trader Pro - Andlil.com - Benoist Rousseau;andlil.com;4.9;93.0;money_insurance
Leboncourtier;leboncourtier.fr;4.9;88.0;money_insurance
Ymanci;ymanci.fr;4.8;6392.0;money_insurance
Empruntis l'agence;empruntis-agence.com;4.8;4721.0;money_insurance
Meilleurtauxsolutions.com;www.meilleurtauxsolutions.com;4.8;4482.0;money_insurance
Immoprêt;immopret.fr;4.8;4342.0;money_insurance
Or et Change;oretchange.com;4.8;4022.0;money_insurance
Partners Finances;partners-finances.fr;4.8;3517.0;money_insurance
Pretto;pretto.fr;4.8;3367.0;money_insurance
Cofidis;cofidis.fr;4.8;3089.0;money_insurance
Garantme;garantme.fr;4.8;2049.0;money_insurance
Crédit Conseil de France;creditconseildefrance.com;4.8;1718.0;money_insurance
BoursedesCrédits;boursedescredits.com;4.8;1620.0;money_insurance
Ace Crédit;acecredit.fr;4.8;1439.0;money_insurance
Santors;www.santors.fr;4.8;1276.0;money_insurance
PrixAssuranceVie.ca;www.prixassurancevie.ca;4.8;885.0;money_insurance
Agence de Financement ARAF;araf.fr;4.8;823.0;money_insurance
Merson Change Or Numismatique;merson.fr;4.8;811.0;money_insurance
Sextant France & International;sextantfrance.fr;4.8;758.0;money_insurance
Comptasanté;comptasante.fr;4.8;569.0;money_insurance
Equitanet;www.equitanet.com;4.8;552.0;money_insurance
Helloprêt;www.hellopret.fr;4.8;405.0;money_insurance
groupe-agpm.fr;groupe-agpm.fr;4.8;331.0;money_insurance
Acheter-Or-Argent.fr;acheter-or-argent.fr;4.8;322.0;money_insurance
Cabinet Letort;www.cabinet-letort.com;4.8;322.0;money_insurance
OR.FR;or.fr;4.8;229.0;money_insurance
SAAS Finances;saas-finances.com;4.8;204.0;money_insurance
Tolmar;www.tolmar-courtier.fr;4.8;173.0;money_insurance
imkiz;www.imkiz.com;4.8;151.0;money_insurance
KAPAO Parfumerie;kapao.fr;5.0;1484.0;beauty_wellbeing
Florihana;florihana.com;4.9;3545.0;beauty_wellbeing
Hello my bio;hellomybio.fr;4.9;456.0;beauty_wellbeing
SILEX Beau Brut Naturel;www.silexpourhomme.fr;4.9;452.0;beauty_wellbeing
À la douche Simone;aladouchesimone.fr;4.9;343.0;beauty_wellbeing
Ayanature;www.ayanature.com;4.9;242.0;beauty_wellbeing
Direct Bio Shop;direct-bio-shop.com;4.9;228.0;beauty_wellbeing
Le Paravent;le-paravent.fr;4.9;116.0;beauty_wellbeing
VWI;www.corporelle.fr;4.9;72.0;beauty_wellbeing
Origines;origines-parfums.com;4.8;62574.0;beauty_wellbeing
Famille Mary;www.famillemary.fr;4.8;18118.0;beauty_wellbeing
Optigura;www.optigura.fr;4.8;6980.0;beauty_wellbeing
Nutri Naturel;nutri-naturel.com;4.8;2010.0;beauty_wellbeing
Nutrivita;nutrivita.fr;4.8;1874.0;beauty_wellbeing
DH Cosmetics - Soins pour homme;darklyhandsome.com;4.8;1383.0;beauty_wellbeing
pharmanord.fr;pharmanord.fr;4.8;791.0;beauty_wellbeing
Parapharmadirect;parapharmadirect.com;4.8;712.0;beauty_wellbeing
Naturamind;naturamind.com;4.8;602.0;beauty_wellbeing
Nature Minerale;nature-minerale.fr;4.8;577.0;beauty_wellbeing
Voshuiles.com;voshuiles.com;4.8;453.0;beauty_wellbeing
Cemena;cemena.bio;4.8;401.0;beauty_wellbeing
Lili Nature;www.lilinature.com;4.8;287.0;beauty_wellbeing
Mahana;mahana-monoi.com;4.8;287.0;beauty_wellbeing
1001vertus;1001vertus.com;4.8;252.0;beauty_wellbeing
Biodidoo;www.biodidoo.com;4.8;238.0;beauty_wellbeing
ROSEGOLD Paris;rosegoldparis.com;4.8;217.0;beauty_wellbeing
NosMondesAlternatifs;nosmondesalternatifs.com;4.8;206.0;beauty_wellbeing
Dihé;www.dihe.fr;4.8;205.0;beauty_wellbeing
Serenitya;serenitya.com;4.8;150.0;beauty_wellbeing
MondialK.com;mondialk.com;4.8;148.0;beauty_wellbeing
Anyele;www.anyele.fr;4.8;120.0;beauty_wellbeing
Eshopby3collection;eshopby3collection.com;4.8;116.0;beauty_wellbeing
minthie.fr;minthie.fr;4.8;111.0;beauty_wellbeing
Meditechfr;meditechfr.com;4.8;85.0;beauty_wellbeing
Christelle Estheticienne;christelle-estheticienne.com;4.8;84.0;beauty_wellbeing
Zayti;lestresorsdumarocbyzayti.com;4.8;79.0;beauty_wellbeing
Kumkuat Shampoings Solides ;www.kumkuat.fr;4.8;76.0;beauty_wellbeing
Essentioil;www.essentioil.fr;4.8;67.0;beauty_wellbeing
Sautiller.com;sautiller.com;4.8;56.0;beauty_wellbeing
HennéGram;www.hennegram.fr;4.8;55.0;beauty_wellbeing
Techni K Outils;tkoutils.fr;4.9;494.0;construction_manufactoring
GOYON-CHAZEAU coutellerie;goyon-chazeau.com;4.9;159.0;construction_manufactoring
Stabilisateur-Gravier;stabilisateur-gravier.fr;4.9;110.0;construction_manufactoring
PARASYSTEM;deratisation.com;4.9;100.0;construction_manufactoring
TooManyTools;www.toomanytools.com;4.8;6622.0;construction_manufactoring
Plaquerapide;plaquerapide.fr;4.8;4231.0;construction_manufactoring
Point Bâches & Stores;www.pointbaches12.com;4.8;2869.0;construction_manufactoring
Renovation Man;www.renovationman.com;4.8;335.0;construction_manufactoring
DENQBAR;www.denqbar.com;4.8;257.0;construction_manufactoring
Lacrylic Shop™;decoupe-plexi-sur-mesure.com;4.8;238.0;construction_manufactoring
Matiere Détail;matieredetail.fr;4.8;81.0;construction_manufactoring
CELEDEN Fermetures;celeden.fr;4.8;70.0;construction_manufactoring
Maisons Voegele;www.maisons-voegele.com;4.8;40.0;construction_manufactoring
Sobrico.com;sobrico.com;4.7;18302.0;construction_manufactoring
Toolstation;www.toolstation.fr;4.7;12735.0;construction_manufactoring
Exabit.co;exabit.co;4.7;9845.0;construction_manufactoring
AQUA 2000;aqua2000.fr;4.7;2180.0;construction_manufactoring
Leboutte & Cie SPRL;www.leboutte.fr;4.7;599.0;construction_manufactoring
mon-drapeau.com;www.mon-drapeau.com;4.7;549.0;construction_manufactoring
CREDIMEDIA;www.credimedia.com;4.7;480.0;construction_manufactoring
hemea (ex-Travauxlib);hemea.com;4.7;380.0;construction_manufactoring
AIS EQUIPEMENT;ais-equipement.com;4.7;262.0;construction_manufactoring
Priba Matériaux;www.pribamateriaux.fr;4.7;261.0;construction_manufactoring
PRO EXPERT SOLAIRE;maproductionsolaire.com;4.7;125.0;construction_manufactoring
Trophee Pas Cher;trophee-pas-cher.com;4.7;107.0;construction_manufactoring
Garder-mes-enfants.fr;www.garder-mes-enfants.fr;4.7;103.0;construction_manufactoring
Mac Trophees / Mac Médailles;mactrophees.com;4.7;51.0;construction_manufactoring
Riviera Gardens | Architecte Paysagiste Côte d'Azur;www.riviera-gardens.com;4.7;40.0;construction_manufactoring
Soudestock;soudestock.fr;4.7;40.0;construction_manufactoring
Atelier TB;ateliertb.com;4.7;35.0;construction_manufactoring
La Petite Imprimerie;lapetiteimprimerie.fr;4.7;34.0;construction_manufactoring
Watt Store;watt-store.com;4.7;32.0;construction_manufactoring
INVESTIR DANS L'ANCIEN;investirdanslancien.fr;4.7;31.0;construction_manufactoring
Fournitures BTP;fournituresbtp.fr;4.7;30.0;construction_manufactoring
Kelfermeture;kelfermeture.fr;4.7;29.0;construction_manufactoring
MaxOutil;maxoutil.com;4.6;9057.0;construction_manufactoring
Manubricole.com;manubricole.com;4.6;4158.0;construction_manufactoring
CLICKOUTIL;clickoutil.com;4.6;1635.0;construction_manufactoring
Vrekker;vrekker.fr;4.6;1421.0;construction_manufactoring
Passiontec;www.passiontec.fr;4.6;1089.0;construction_manufactoring
Elephorm;elephorm.com;4.9;1389.0;education_training
Objectif Horlogerie;www.objectifhorlogerie.fr;4.9;912.0;education_training
EnfinRentable;enfinrentable.fr;4.9;154.0;education_training
Enfin Libre - Saad Ben;saadben.com;4.9;136.0;education_training
Auto-école Vauban;auto-ecole-vauban.fr;4.9;110.0;education_training
Contournement;contournement.io;4.9;106.0;education_training
Clevermate;www.clevermate.fr;4.9;105.0;education_training
MasterClass Prépa;masterclassprepa.com;4.9;63.0;education_training
O'clock;oclock.io;4.8;327.0;education_training
EFM Fonction Publique;efm-fonctionpublique.fr;4.8;268.0;education_training
STUDI;studi.fr;4.8;179.0;education_training
Les Geeks des Chiffres;lesgeeksdeschiffres.com;4.8;132.0;education_training
OpenWork, Portage salarial;openwork.co;4.8;107.0;education_training
Jedha;jedha.co;4.8;90.0;education_training
La Capsule;lacapsule.academy;4.8;81.0;education_training
Teetsh;teetsh.com;4.8;72.0;education_training
Coursdepatisserie;coursdepatisserie.fr;4.8;71.0;education_training
French Future Academy;frenchfutureacademy.com;4.8;64.0;education_training
tony-jazz.com;tony-jazz.com;4.8;63.0;education_training
WPChef;wpchef.fr;4.8;59.0;education_training
Teaching English Games;www.teachingenglishgames.com;4.8;54.0;education_training
Décoincés du Crayon;decoincesducrayon.com;4.8;49.0;education_training
ACADÉMIE HYGIE // LISA SALIS;www.hygieacademie.com;4.8;47.0;education_training
DataScientest;datascientest.com;4.8;40.0;education_training
Ipaf - Institut Préparatoire au Métier d'Agent de Football;ipaf-paris.fr;4.8;36.0;education_training
Créeruncv.com;www.creeruncv.com;4.7;1294.0;education_training
LiveMentor;livementor.com;4.7;679.0;education_training
Superprof ID;superprof.co.id;4.7;481.0;education_training
PRONOCLUB;pronoclub.fr;4.7;269.0;education_training
Horizons Academy;horizons-academy.com;4.7;189.0;education_training
Roule Raoule;rouleraoule.fr;4.7;156.0;education_training
Businessdynamite;businessdynamite.xyz;4.7;145.0;education_training
Dyma;dyma.fr;4.7;129.0;education_training
Formation Incendie Bretagne;www.formation-incendie-bretagne.fr;4.7;115.0;education_training
Au Pays des Langues;aupaysdeslangues.com;4.7;112.0;education_training
Pipplet;pipplet.com;4.7;97.0;education_training
Institut la langue de l'islam;lalanguedelislam.com;4.7;94.0;education_training
CEFIM - L'école du web et des réseaux;www.cefim.eu;4.7;91.0;education_training
Exempledecv.com;www.exempledecv.com;4.7;91.0;education_training
EFM Sante Social;efm-santesocial.fr;4.7;71.0;education_training
Akizz.com;www.akizz.com;5.0;8919.0;electronics_technology
Fonebank.fr;fonebank.fr;4.9;4000.0;electronics_technology
Digit-Photo.com;www.digit-photo.com;4.9;1414.0;electronics_technology
WP Rocket;wp-rocket.me;4.9;982.0;electronics_technology
Europe Nature-optik;www.europe-nature-optik.fr;4.9;969.0;electronics_technology
Mega-Piles;mega-piles.com;4.9;776.0;electronics_technology
Spliiit;spliiit.com;4.9;684.0;electronics_technology
IP&Go;ipandgo.com;4.9;537.0;electronics_technology
Mon-AutoEntreprise.fr;www.mon-autoentreprise.fr;4.9;455.0;electronics_technology
Ideel;ideel.io;4.9;424.0;electronics_technology
SOSPhone;www.sosphone.fr;4.9;216.0;electronics_technology
Luxeandtv;www.luxeandtv.com;4.9;188.0;electronics_technology
Wistee;wistee.fr;4.9;160.0;electronics_technology
Studio Real;video-transfert-vhs.studioreal.fr;4.9;148.0;electronics_technology
RetroFutur;www.retrofutur.fr;4.9;132.0;electronics_technology
Astra Security;getastra.com;4.9;126.0;electronics_technology
SGA-Reparation.fr;sga-reparation.fr;4.9;90.0;electronics_technology
LUDISYS;ludisys.com;4.9;90.0;electronics_technology
Phoxene;phoxene.com;4.9;89.0;electronics_technology
Fairjungle;fairjungle.com;4.9;80.0;electronics_technology
HomeCineSolutions;www.homecinesolutions.fr;4.8;23416.0;electronics_technology
FLASH RC;flashrc.com;4.8;21356.0;electronics_technology
Gsm55;www.gsm55.com;4.8;16317.0;electronics_technology
La Caméra Embarquée;www.lacameraembarquee.fr;4.8;11766.0;electronics_technology
Cleanfox;www.cleanfox.io;4.8;4809.0;electronics_technology
Affinitweet;affinitweet.com;4.8;2775.0;electronics_technology
RAM Mount France;www.ram-mount.fr;4.8;2240.0;electronics_technology
Gamefix;gamefix.fr;4.8;914.0;electronics_technology
SiteW.com;sitew.com;4.8;863.0;electronics_technology
Intego;www.intego.com;4.8;728.0;electronics_technology
Busiboutique;www.busiboutique.com;4.8;511.0;electronics_technology
Materiel Informatique-occasion;www.materiel-informatique-occasion.com;4.8;429.0;electronics_technology
mobilorama;mobilorama.com;4.8;426.0;electronics_technology
Condizionati;condizionati.fr;4.8;356.0;electronics_technology
Ma-Carte-Electronique.fr;ma-carte-electronique.fr;4.8;331.0;electronics_technology
mon-elec;www.mon-elec.fr;4.8;224.0;electronics_technology
Docorga;www.docorga.com;4.8;202.0;electronics_technology
Mon Edeal;mon-edeal.fr;4.8;197.0;electronics_technology
Mac Assistance;mac-assistance.fr;4.8;171.0;electronics_technology
Wedealee;wedealee.com;4.8;169.0;electronics_technology
Flashbay;flashbay.fr;4.9;12912.0;events_entertainment
NetJuggler;netjuggler.net;4.9;5871.0;events_entertainment
Cadeaucity;www.cadeaucity.com;4.9;1134.0;events_entertainment
Oui Oui Bunny;ouiouibunny.fr;4.9;250.0;events_entertainment
Kyseii;kyseii.fr;4.9;204.0;events_entertainment
Chanson Personnalisée;chansonpersonnalisee.com;4.9;191.0;events_entertainment
Nos minis;nosminis.fr;4.9;150.0;events_entertainment
Ma Borne-arcade;ma-borne-arcade.fr;4.9;140.0;events_entertainment
Event Finder;www.event-finder.com;4.9;105.0;events_entertainment
Ballons Plus;ballonsplus.fr;4.9;79.0;events_entertainment
A-qui-S.fr;www.a-qui-s.fr;4.8;109705.0;events_entertainment
Coindugeek;coindugeek.com;4.8;8625.0;events_entertainment
Gants-blancs.com;gants-blancs.com/fr;4.8;8479.0;events_entertainment
Agorajeux;www.agorajeux.com;4.8;2264.0;events_entertainment
Gothyka;gothyka.com;4.8;2128.0;events_entertainment
Verre Créations;verrecreations.fr;4.8;1462.0;events_entertainment
DH Cosmetics - Soins pour homme;darklyhandsome.com;4.8;1383.0;events_entertainment
UKWristbands;ukwristbands.com;4.8;1291.0;events_entertainment
Scriptilo;scriptilo.fr;4.8;1106.0;events_entertainment
La Fabrique à Sachets;lafabriqueasachets.com;4.8;743.0;events_entertainment
Mallofthewatch;www.mallofthewatch.com;4.8;678.0;events_entertainment
Wallgaming;wallgaming.com;4.8;606.0;events_entertainment
Woom;woom.fr;4.8;421.0;events_entertainment
Douceslettres.fr;www.douceslettres.fr;4.8;415.0;events_entertainment
Selfizee;selfizee.fr;4.8;351.0;events_entertainment
Broderies de Betybab;betybab.net;4.8;305.0;events_entertainment
Figurines Cine;www.figurines-cine.com;4.8;286.0;events_entertainment
MES INVITES;www.mesinvites.com;4.8;277.0;events_entertainment
MATUVU;matuvu.fr;4.8;274.0;events_entertainment
JPM GAMES;www.hyperspin-games.com;4.8;265.0;events_entertainment
Produbasket;produbasket.fr;4.8;263.0;events_entertainment
La Fabrique à Box;lafabriqueabox.fr;4.8;212.0;events_entertainment
Ideesport.fr;www.ideesport.fr;4.8;128.0;events_entertainment
Captaincollectoys;captaincollectoys.com;4.8;74.0;events_entertainment
Autour d'un jeu;autourdunjeu.fr;4.8;68.0;events_entertainment
geschenkewunderland.de;www.geschenkewunderland.de;4.8;59.0;events_entertainment
L'Atelier De Brice | Fleuriste;www.atelierdebrice.fr;4.8;57.0;events_entertainment
Sautiller.com;sautiller.com;4.8;56.0;events_entertainment
dkdrage.fr;dkdrage.fr;4.8;55.0;events_entertainment
WeChamp;wechamp-entreprise.co;4.8;50.0;events_entertainment
CGB Numismatique Paris;cgb.fr;4.9;5226.0;hobbies_crafts
Maison de MaMoulia;mamoulia.fr;4.9;1139.0;hobbies_crafts
Figurines Mania;figurines-mania.com;4.9;991.0;hobbies_crafts
Michel musique;www.michelmusique.fr;4.9;920.0;hobbies_crafts
L'heure Créative;www.lheurecreative.fr;4.9;563.0;hobbies_crafts
MaMiniature;maminiature.fr;4.9;327.0;hobbies_crafts
Ardaya.fr;ardaya.fr;4.9;259.0;hobbies_crafts
Vintage Japan Guitars;www.vintage-japan-guitars.com;4.9;250.0;hobbies_crafts
GOYON-CHAZEAU coutellerie;goyon-chazeau.com;4.9;159.0;hobbies_crafts
Amay Sancha ;amaysanchashop.com;4.9;150.0;hobbies_crafts
Max & Lea;maxandlea.com;4.9;146.0;hobbies_crafts
Tienda Esquipulas;esquipulas.fr;4.9;105.0;hobbies_crafts
Lords Of Rivers;www.lordsofrivers.com;4.9;98.0;hobbies_crafts
L'Impala Photographie;limpalaphotographie.com;4.9;79.0;hobbies_crafts
FLASH RC;flashrc.com;4.8;21356.0;hobbies_crafts
RC Team;rcteam.fr;4.8;20575.0;hobbies_crafts
Michenaud;www.michenaud.com;4.8;6840.0;hobbies_crafts
Palais du Rosaire;palaisdurosaire.com;4.8;1944.0;hobbies_crafts
Art3zem;www.art3zem.com;4.8;1439.0;hobbies_crafts
Group Army Store / General Army Store;www.generalarmystore.fr;4.8;693.0;hobbies_crafts
Hguitare.com;hguitare.com;4.8;527.0;hobbies_crafts
Modelkars;modelkars.com;4.8;446.0;hobbies_crafts
La Croix & La Manière;www.lacroixetlamaniere.com;4.8;317.0;hobbies_crafts
Carpfloat63;carpfloat63.fr;4.8;170.0;hobbies_crafts
AN Model Cars;anmodelcars.com;4.8;164.0;hobbies_crafts
Action Parapente;www.action-parapente.fr;4.8;141.0;hobbies_crafts
luminosphere.fr;luminosphere.fr;4.8;92.0;hobbies_crafts
CELEDEN Fermetures;celeden.fr;4.8;70.0;hobbies_crafts
Thomasnumismatics;thomasnumismatics.com;4.8;51.0;hobbies_crafts
Carré Cotons;carre-cotons.fr;4.8;40.0;hobbies_crafts
StudioSPORT.fr;studiosport.fr;4.7;31363.0;hobbies_crafts
Rascol;rascol.com;4.7;12609.0;hobbies_crafts
Knivesandtools.fr;knivesandtools.fr;4.7;12355.0;hobbies_crafts
Etiquetas Soyde;www.soyde.com;4.7;3701.0;hobbies_crafts
Lordel Musique;www.lordelmusique.com;4.7;1748.0;hobbies_crafts
Hamac.fr;hamac.fr;4.7;641.0;hobbies_crafts
Nenuphar Sailing Equipment;www.nenuphar.com;4.7;530.0;hobbies_crafts
Sud Claviers;www.sud-claviers.com;4.7;529.0;hobbies_crafts
Effect On Line;effect-on-line.com;4.7;393.0;hobbies_crafts
Fly and Flies;flyandflies.com;4.7;319.0;hobbies_crafts
Legendya;legendya.com;4.9;4177.0;home_garden
Sosmembranes;www.sosmembranes.com;4.9;3598.0;home_garden
Boîte à Moustaches;serrurier-paris-express.com;4.9;1047.0;home_garden
Papierspeintsdirect.com;www.papierspeintsdirect.com;4.9;1006.0;home_garden
Fenom;fenom.com;4.9;975.0;home_garden
Boutique Angelique;boutique-angelique.com;4.9;909.0;home_garden
Guirled - Changez d'ambiance !;guirled.com;4.9;848.0;home_garden
Boutique Etain;www.boutique-etain.com;4.9;361.0;home_garden
Dépannage & Urgence plomberie;depannage-urgence-plomberie.fr;4.9;206.0;home_garden
automatismes evolutions;www.automatismes-evolutions.com;4.9;200.0;home_garden
Chezpluie;chezpluie.com;4.9;181.0;home_garden
Oniros : Le Litier des tout petits;oniros.co;4.9;180.0;home_garden
Sdbstore;www.sdbstore.com;4.9;162.0;home_garden
GOYON-CHAZEAU coutellerie;goyon-chazeau.com;4.9;159.0;home_garden
Stabilisateur-Gravier;stabilisateur-gravier.fr;4.9;110.0;home_garden
Tienda Esquipulas;esquipulas.fr;4.9;105.0;home_garden
Bainetspa;www.bainetspa.fr;4.9;102.0;home_garden
www.leds-boutique.fr;www.leds-boutique.fr;4.9;96.0;home_garden
Clima Progress;www.climaprogress.fr;4.9;77.0;home_garden
Couteauxduchef.com;couteauxduchef.com;4.8;11059.0;home_garden
Boutique Nature et Vitalité;www.nature-vitalite.com;4.8;9939.0;home_garden
Voletshop;www.voletshop.fr;4.8;8502.0;home_garden
Cuirs Guignard;www.cuirs-guignard.com;4.8;5351.0;home_garden
Plaquerapide;plaquerapide.fr;4.8;4231.0;home_garden
Le comptoir des énergies;www.lecomptoirdesenergies.com;4.8;3277.0;home_garden
Gothyka;gothyka.com;4.8;2128.0;home_garden
Monsieur des Drapeaux;www.monsieur-des-drapeaux.com;4.8;2072.0;home_garden
Palais du Rosaire;palaisdurosaire.com;4.8;1944.0;home_garden
Jardins Animes;fr.jardins-animes.com;4.8;1706.0;home_garden
Fleuralia;fleuralia.fr;4.8;1225.0;home_garden
ACCES-DESIGN.COM;www.acces-design.com;4.8;1170.0;home_garden
ClicAndFioul;www.clicandfioul.com;4.8;1002.0;home_garden
Allocarrelage.com;allocarrelage.com;4.8;891.0;home_garden
Biosense Bedding;biosense.fr;4.8;808.0;home_garden
Qualiferm;qualiferm.com;4.8;793.0;home_garden
layole.com;layole.com;4.8;709.0;home_garden
Texam International;texamfrance.fr;4.8;570.0;home_garden
L'Afficherie;www.lafficherie.com;4.8;486.0;home_garden
Zoessentiels;zoessentiels.com;4.8;479.0;home_garden
Dépannage photovoltaïque;www.onduleur-photovoltaique.com;4.8;478.0;home_garden
Monsieur Toussaint Louverture;monsieurtoussaintlouverture.com;5.0;1354.0;media_publishing
Ant Editions;ant-editions.com;5.0;216.0;media_publishing
Karaoke Version;www.karaoke-version.com;4.9;1436.0;media_publishing
Josepho;www.josepho.fr;4.9;402.0;media_publishing
Plumes du Web;plumesduweb.com;4.9;259.0;media_publishing
CarteItunes.fr (Propulsé par Recharge.fr);www.carteitunes.fr;4.9;189.0;media_publishing
Livrenpoche;www.livrenpoche.com;4.9;173.0;media_publishing
Ebook-Creation.fr;ebook-creation.fr;4.9;160.0;media_publishing
Annuaire de sites internet Faitesvousconnaitre.com;faitesvousconnaitre.com;4.9;153.0;media_publishing
Devenez Trader Pro - Andlil.com - Benoist Rousseau;andlil.com;4.9;93.0;media_publishing
Michenaud;www.michenaud.com;4.8;6840.0;media_publishing
Cordes.fr;cordes.fr;4.8;2032.0;media_publishing
Smiirl;smiirl.com;4.8;1754.0;media_publishing
Aventures du petit yogi;aventuresdupetityogi.com;4.8;153.0;media_publishing
Éditions Le Héron d'Argent;editions-leherondargent.com;4.8;135.0;media_publishing
Captaincollectoys;captaincollectoys.com;4.8;74.0;media_publishing
MeetDeal;meetdeal.fr;4.8;67.0;media_publishing
dragueurdeparis.com;dragueurdeparis.com;4.8;59.0;media_publishing
BLEU LASER;bleulaser.com;4.8;56.0;media_publishing
La Correction;lacorrection.fr;4.8;50.0;media_publishing
Flash & Co - Photobooth;flashnco.fr;4.8;43.0;media_publishing
SonoVente.com;www.sonovente.com;4.7;6058.0;media_publishing
Lordel Musique;www.lordelmusique.com;4.7;1748.0;media_publishing
Picanova;picanova.fr;4.7;262.0;media_publishing
EchantillonOffert.com;echantillonoffert.com;4.7;154.0;media_publishing
Soundiiz;soundiiz.com;4.7;134.0;media_publishing
Ausha;fr.ausha.co;4.7;73.0;media_publishing
Pixel Production;pixelproduction.fr;4.7;49.0;media_publishing
Passe Ton Casting !;passetoncasting.com;4.7;36.0;media_publishing
podCloud;podcloud.fr;4.7;35.0;media_publishing
StreamRadio;streamradio.fr;4.7;34.0;media_publishing
Céos;ceos-ads.com;4.7;32.0;media_publishing
pandor.;pandor-culture.com;4.7;27.0;media_publishing
Rip-it Encore - Wedding Band in France;ripitencore.com;4.7;27.0;media_publishing
FlexiLivre;flexilivre.com;4.6;18964.0;media_publishing
Mon Livre Favori;monlivrefavori.fr;4.6;7101.0;media_publishing
Jejouedupiano;www.jejouedupiano.com;4.6;299.0;media_publishing
PeignezVotreVie.fr;peignezvotrevie.fr;4.6;110.0;media_publishing
Terre Des Séniors;www.terre-des-seniors.fr;4.6;88.0;media_publishing
®JJC RADIO;jjcradio.studio;4.6;64.0;media_publishing
Kris et jo;www.krisetjo.com;4.9;204.0;restaurants_bars
Entrepôt Italien;entrepotitalien.fr;4.9;182.0;restaurants_bars
Les chocolats du coeur;www.leschocolatsducoeur.fr;4.8;401.0;restaurants_bars
Foodette;foodette.fr;4.7;626.0;restaurants_bars
Divvino Paris;divvino.com;4.7;64.0;restaurants_bars
Pizza & Love;www.pizzaandlove.fr;4.7;39.0;restaurants_bars
Aurore Market;auroremarket.fr;4.6;7542.0;restaurants_bars
Ensuite;ensuite.fr;4.6;18.0;restaurants_bars
AYAKO SUSHI;ayakosushi.fr;4.5;3281.0;restaurants_bars
Gustini - Passione italiana.;gustini.fr;4.5;1335.0;restaurants_bars
Alancienne Lyon;deligreens.com;4.5;669.0;restaurants_bars
Ollca;ollca.com;4.5;587.0;restaurants_bars
GoCater;gocater.fr;4.5;284.0;restaurants_bars
Madisfrais;madisfrais.com;4.5;239.0;restaurants_bars
Hoplabon;www.hoplabon.fr;4.5;16.0;restaurants_bars
Smartfooding;smartfooding.com;4.4;1415.0;restaurants_bars
Cook Angels;cookangels.com;4.4;150.0;restaurants_bars
Le Comptoir;lecomptoir.app;4.4;113.0;restaurants_bars
Speed Rabbit Pizza Dax;st-paul-les-dax.speedrabbitpizza.com;4.4;25.0;restaurants_bars
Sweet Delices;sweet-delices.fr;4.4;18.0;restaurants_bars
Fredbox;fredbox.fr;4.4;16.0;restaurants_bars
Hoplunch;www.hoplunch.com;4.4;15.0;restaurants_bars
MédiMoinsQuart;medimoinsquart.fr;4.4;14.0;restaurants_bars
Foucade!;foucadeparis.fr;4.3;14.0;restaurants_bars
La French Box;www.lafrenchbox.eu;4.3;12.0;restaurants_bars
My Beers;www.mybeers.fr;4.3;10.0;restaurants_bars
Maison Kurtos;maisonkurtos.com;4.3;9.0;restaurants_bars
Natural'sace;naturalsace.fr;4.3;9.0;restaurants_bars
Simple & Bon;simpleetbon.com;4.2;66.0;restaurants_bars
Le Clos de Laure;leclosdelaure.com;4.2;12.0;restaurants_bars
Terrass'' Hotel;terrass-hotel.com;4.2;7.0;restaurants_bars
Sonbepviet;sonbepviet.fr;4.2;6.0;restaurants_bars
One Puff Bar;one-puff-bar.com;4.2;6.0;restaurants_bars
DIETBON.FR;dietbon.fr;4.1;7574.0;restaurants_bars
Alsace Saveurs;alsacesaveurs.com;4.1;5.0;restaurants_bars
HARU HARU;haruharu.fr;4.1;5.0;restaurants_bars
KITCHENDIET.FR;kitchendiet.fr;4.0;2925.0;restaurants_bars
La Boite à Pâtisser;laboiteapatisser.com;4.0;25.0;restaurants_bars
Where The Healthy Is;wherethehealthyis.com;4.0;4.0;restaurants_bars
Ambiance Restaurant;ambiance-restaurant.com;4.0;4.0;restaurants_bars
Med Assistance;medassistance.fr;4.9;228.0;health_medical
HealthExpress;fr.healthexpress.eu;4.9;103.0;health_medical
Vision Direct FR;visiondirect.fr;4.8;10072.0;health_medical
Universpharmacie;www.universpharmacie.fr;4.8;3555.0;health_medical
Dokteronline.com | Your online health service;www.dokteronline.com/fr;4.8;1966.0;health_medical
Malea;www.malea-massage.com;4.8;1118.0;health_medical
Parapharmadirect;parapharmadirect.com;4.8;712.0;health_medical
Hairpalace Clinique Greffe de Cheveux;hairpalace.fr;4.8;406.0;health_medical
Odero;odero.com;4.8;135.0;health_medical
Novela Global;www.novela-global.com;4.8;93.0;health_medical
Meditechfr;meditechfr.com;4.8;85.0;health_medical
Trusted Tablets Pharmacies : Génériques;www.trusted-tablets.eu;4.8;76.0;health_medical
Lavunett;lavunett.com;4.8;71.0;health_medical
Pharmacie Saint Martin;www.pharmaciesaintmartin.fr;4.8;62.0;health_medical
Drgasiunas;drgasiunas.com;4.8;43.0;health_medical
Cap Retraite;capretraite.fr;4.7;6231.0;health_medical
Retraite Plus;retraiteplus.fr;4.7;2802.0;health_medical
Lentiamo.fr;lentiamo.fr;4.7;2169.0;health_medical
Alensa.fr;alensa.fr;4.7;1053.0;health_medical
Smile Partner;www.smilepartner.fr;4.7;733.0;health_medical
fr.121doc.net;fr.121doc.net;4.7;625.0;health_medical
Doctrio;doctrio.com;4.7;62.0;health_medical
DAEshop | Medisol;daeshop.fr;4.7;57.0;health_medical
Humacitia;humacitia.fr;4.7;53.0;health_medical
variations;myvariations.com;4.7;51.0;health_medical
LibertéVies;libertevies.fr;4.7;50.0;health_medical
Sophrologue à Nantes - Filipa DOS SANTOS;sophronantes.fr;4.7;46.0;health_medical
Super Hair Center;superhaircentre.com;4.7;32.0;health_medical
Comme Avant;comme-avant.bio;4.6;39772.0;health_medical
Treated.com France;fr.treated.com;4.6;6254.0;health_medical
Pharma360;pharma360.fr;4.6;4913.0;health_medical
Pharmacie des Drakkars;www.pharmaciedesdrakkars.com;4.6;3684.0;health_medical
Test de paternité;testdepaternite.fr;4.6;745.0;health_medical
YouLab;www.youlab.fr;4.6;156.0;health_medical
fr.meds4all.com;fr.meds4all.com;4.6;105.0;health_medical
Test de Paternité - easyDNA France;easydna.fr;4.6;80.0;health_medical
Medical Holiday Turkey Agency ;medical-holiday-turkey.com;4.6;64.0;health_medical
Thérapies Africaines;clarisselibene.net;4.6;59.0;health_medical
Celine Opticien-lunetier;www.celine-opticien-lunetier.fr;4.6;43.0;health_medical
ChiroHealth - chiropracteurs D.C. Toulouse | chirohealth.fr;chirohealth.fr;4.6;33.0;health_medical
ilek;ilek.fr;4.9;2185.0;utilities
Dépannage photovoltaïque;www.onduleur-photovoltaique.com;4.8;478.0;utilities
Eco Solutions;eco-solutions-17.fr;4.8;165.0;utilities
In Sun We Trust;insunwetrust.solar;4.8;138.0;utilities
Eco Plus Habitat [LILLE POMPE A CHALEUR];eco-plus-habitat.fr;4.8;59.0;utilities
OVO Energy;ovoenergy.fr;4.7;179.0;utilities
Generale Assainissement;generale-assainissement.com;4.6;71.0;utilities
Beem Energy;www.beemenergy.fr;4.6;39.0;utilities
Lavalleeducbd;lavalleeducbd.fr;4.6;24.0;utilities
Pro Ecobat;pro-ecobat.fr;4.6;21.0;utilities
Pass Renov;passrenov.com;4.5;230.0;utilities
DECONSEIL;deconseil.com;4.5;40.0;utilities
Sadeb;www.sadeb.fr;4.5;24.0;utilities
Mint Energie;www.mint-energie.com;4.4;5191.0;utilities
Monexpert-renovation-energie.fr;monexpert-renovation-energie.fr;4.3;307.0;utilities
Bulb;bulb.fr;4.3;37.0;utilities
Comparateur Hopenergie.com;hopenergie.com;4.1;510.0;utilities
Plüm Énergie;plum.fr;4.1;13.0;utilities
ALLAIRE DU TEMPS;allairedutemps.fr;4.1;7.0;utilities
Fred le Hamster;fredlehamster.com;4.1;5.0;utilities
Groupe Triforce;www.tri-force.fr;4.0;74.0;utilities
Euro Energies;www.euro-energies.eu;4.0;4.0;utilities
CBD Paradise;cbdparadise.fr;4.0;4.0;utilities
Avenir' Eco Photovoltaique;avenireco-photovoltaique.fr;4.0;4.0;utilities
Barry energy;barry.energy/fr;4.0;3.0;utilities
Parisfiltreau;parisfiltreau.com;4.0;3.0;utilities
Wekiwi_France;wekiwi.fr;3.8;68.0;utilities
Grenelle Energie;www.grenelleenergie.fr;3.8;32.0;utilities
Groupe Eco Energie France;ecoenergiefrance.fr;3.8;4.0;utilities
Biard by D.I.N.O (nouvel exploitant de la marque - dep.fin2019);www.biard-demenagements.fr;3.7;522.0;utilities
Companias-de-luz;companias-de-luz.com;3.7;65.0;utilities
Vmc à 1 euros;vmc1euros.fr;3.7;1.0;utilities
Econoptim Energie;econoptimenergie.com;3.7;1.0;utilities
Habitatplomberie;habitatplomberie.fr;3.7;1.0;utilities
DOME SOLAR;dome-solar.com;3.7;1.0;utilities
Le filtre à eau;le-filtre-a-eau.com;3.6;3.0;utilities
ENGIE Home Services;www.engie-homeservices.fr;3.5;1424.0;utilities
ekWateur;ekwateur.fr;3.5;306.0;utilities
dhedebouchageplombier.fr;dhedebouchageplombier.fr;;;utilities
Pompe à chaleur française;pompeachaleurfrancaise.com;;;utilities
Au Comptoir Des Serruriers;serrurier-pas-cher.net;4.9;227.0;home_services
Dépannage & Urgence plomberie;depannage-urgence-plomberie.fr;4.9;206.0;home_services
Stabilisateur-Gravier;stabilisateur-gravier.fr;4.9;110.0;home_services
Votre Serrurier Lyonnais;serrurier-lyonnais.fr;4.9;92.0;home_services
France-Cadenas;www.france-cadenas.fr;4.8;2674.0;home_services
AS DE PIC;asdepic.com;4.8;818.0;home_services
Caro-centre.fr;caro-centre.fr;4.8;796.0;home_services
Pest Expert;www.pest-expert.fr;4.8;515.0;home_services
Materielelectrique.com;materielelectrique.com;4.8;453.0;home_services
Bon Débarras;bondebarras.fr;4.8;442.0;home_services
Dimo Diagnostic;dimo-diagnostic.net;4.8;338.0;home_services
Ecocarton.fr;www.ecocarton.fr;4.8;283.0;home_services
YouStock;www.youstock.fr;4.8;186.0;home_services
Borriglione Serrurerie La Maison de La Clef;www.maisondelaclef.com;4.8;122.0;home_services
Depaning;depaning.fr;4.8;107.0;home_services
Etsbarbeira;etsbarbeira.fr;4.8;59.0;home_services
PlaneteBain.com;planetebain.com;4.7;6284.0;home_services
Domomat.com;domomat.com;4.7;3844.0;home_services
AQUA 2000;aqua2000.fr;4.7;2180.0;home_services
viveonis-boutique.fr , produits et services de dératisation désinsectisation tous insectes, désinfection, anti-pigeons, anti-nuisibles biocontrol et prévention des bioagresseurs;viveonis-boutique.fr;4.7;583.0;home_services
MyDemenageur;mydemenageur.com;4.7;224.0;home_services
Afo Serrurerie;afo-serrurerie.com;4.7;99.0;home_services
AER RAMONAGE;aer-ramonage.fr;4.7;67.0;home_services
Tots Design;www.tots-design.fr;4.7;51.0;home_services
Kelfermeture;kelfermeture.fr;4.7;29.0;home_services
jowita-serrurier;www.jowita-serrurier.com;4.7;26.0;home_services
Obert Toulouse;www.depanneur-toulousain.fr;4.7;24.0;home_services
Demolition-ouverture-mur-porteur;demolition-ouverture-mur-porteur.com;4.7;23.0;home_services
Les Bons Artisans - Lesbonsartisans.fr;www.lesbonsartisans.fr;4.6;6145.0;home_services
Des bras en plus - Déménagement à la carte;www.desbrasenplus.com;4.6;2237.0;home_services
Shurgard Self-Storage FR;shurgard.fr;4.6;1587.0;home_services
Décoweb.com;decoweb.com;4.6;1333.0;home_services
Serrurier.com;serrurier.com;4.6;248.0;home_services
Lodus;www.lodus.fr;4.6;88.0;home_services
Generale Assainissement;generale-assainissement.com;4.6;71.0;home_services
Check my House;checkmy-house.fr;4.6;64.0;home_services
AJM PLOMBERIE Père & Fils;ajmplomberie.fr;4.6;38.0;home_services
DemenaMaide;demenamaide.com;4.6;30.0;home_services
Atoot'S Sécurié - A2S;atoots-securite.fr;4.6;27.0;home_services
Kowalskiaquaservices;kowalskiaquaservices.com;4.6;27.0;home_services
Flashbay;flashbay.fr;4.9;12912.0;business_services
Nextories (ex i-Demenager);nextories.com;4.9;1881.0;business_services
Simplébo;simplebo.fr;4.9;1300.0;business_services
Spliiit;spliiit.com;4.9;684.0;business_services
creation-logo.net;creation-logo.net;4.9;600.0;business_services
MineStrator;minestrator.com;4.9;537.0;business_services
IP&Go;ipandgo.com;4.9;537.0;business_services
Weglot;weglot.com;4.9;470.0;business_services
Indy (ex Georges);indy.fr;4.9;430.0;business_services
Rapid-Pub.com;www.rapid-pub.com;4.9;405.0;business_services
Oui Oui Bunny;ouiouibunny.fr;4.9;250.0;business_services
Pakup-Emballage.fr;pakup-emballage.fr;4.9;240.0;business_services
Main Gauche;main-gauche.com;4.9;201.0;business_services
LAGARDERE FRANCE;www.lagardere-france.com;4.9;201.0;business_services
Amay Sancha ;amaysanchashop.com;4.9;150.0;business_services
Astra Security;getastra.com;4.9;126.0;business_services
TBS CERTIFICATS;tbs-certificats.com;4.9;99.0;business_services
123web - Création de sites internet pas chers;123web.fr;4.9;67.0;business_services
A-qui-S.fr;www.a-qui-s.fr;4.8;109705.0;business_services
Plaquerapide;plaquerapide.fr;4.8;4231.0;business_services
LOCABOX;locabox.fr;4.8;2928.0;business_services
La Tribu du Carton;www.latribuducarton.fr;4.8;2542.0;business_services
Smiirl;smiirl.com;4.8;1754.0;business_services
Plus que PRO;plus-que-pro.fr;4.8;1187.0;business_services
SiteW.com;sitew.com;4.8;863.0;business_services
remerciementdeces.fr;remerciementdeces.fr;4.8;770.0;business_services
Demeclic, Déménagez malin !;demeclic.fr;4.8;702.0;business_services
Busiboutique;www.busiboutique.com;4.8;511.0;business_services
Bon Débarras;bondebarras.fr;4.8;442.0;business_services
ALF Annonces Légales;annonces-legales-faciles.com;4.8;439.0;business_services
Ecocarton.fr;www.ecocarton.fr;4.8;283.0;business_services
Tolteck;tolteck.com;4.8;249.0;business_services
Fédération Nationale des auto-entrepreneurs et micro-entrepreneurs;www.federation-auto-entrepreneur.fr;4.8;216.0;business_services
Digitaleo;www.digitaleo.fr;4.8;212.0;business_services
Formalizi;formalizi.fr;4.8;191.0;business_services
Influens Me;influens.me;4.8;169.0;business_services
Sac-Personnalisable.net;sac-personnalisable.net;4.8;140.0;business_services
Legalcity;www.legalcity.fr;4.8;124.0;business_services
Détourage photo;mondetourageamoi.fr;4.8;124.0;business_services
Propulser® by Franck Rocca;propulser.business;4.8;117.0;business_services
Le Légaliste  Annonces Légales;lelegaliste.fr;4.8;2744.0;legal_services_government
L'Itinérant;www.litinerant.fr;4.8;2240.0;legal_services_government
www.yrytys.pro;www.yrytys.pro;4.8;1398.0;legal_services_government
Avocat GC;avocat-gc.com;4.8;1180.0;legal_services_government
Mes Allocs;mes-allocs.fr;4.8;781.0;legal_services_government
France Cadastre;france-cadastre.fr;4.8;526.0;legal_services_government
Formalizi;formalizi.fr;4.8;191.0;legal_services_government
Legalcity;www.legalcity.fr;4.8;124.0;legal_services_government
NeoNotario.com;neonotario.com;4.8;67.0;legal_services_government
Créeruncv.com;www.creeruncv.com;4.7;1294.0;legal_services_government
OE Experts;oe-experts.com;4.7;119.0;legal_services_government
Traductions Assermentees;traductionsassermentees.com;4.7;86.0;legal_services_government
Négométal;negometal.com;4.7;84.0;legal_services_government
Prium Portage, Portage salarial;prium-portage.com;4.7;83.0;legal_services_government
Call A Lawyer;callalawyer.fr;4.7;35.0;legal_services_government
LegalPlace;legalplace.fr;4.6;1650.0;legal_services_government
Flightright;flightright.fr;4.6;1404.0;legal_services_government
SaisirPrudhommes.com;saisirprudhommes.com;4.6;689.0;legal_services_government
Divorcéo;divorceo.fr;4.6;30.0;legal_services_government
Boris Cardineaud | Avocat;cardineaud-avocat.com;4.6;17.0;legal_services_government
Clic Formalités;www.clic-formalites.com;4.5;1626.0;legal_services_government
Litige.fr;www.litige.fr;4.5;945.0;legal_services_government
Eplaque;www.eplaque.fr;4.5;568.0;legal_services_government
Digidom;digidom.pro;4.5;520.0;legal_services_government
DECONSEIL;deconseil.com;4.5;40.0;legal_services_government
HELDT CLAISE LE MAREC;hy-justice.fr;4.5;17.0;legal_services_government
Qualijuris;www.qualijuris.fr;4.5;16.0;legal_services_government
Hypothèques en ligne;hypotheques-en-ligne.fr;4.4;259.0;legal_services_government
Etat Civil en Ligne;etatcivilenligne.fr;4.4;76.0;legal_services_government
Intrax;intrax.fr;4.4;13.0;legal_services_government
Griit;www.griit.fr;4.4;12.0;legal_services_government
Traducteurs Assermentes;www.traducteurs-assermentes.fr;4.4;12.0;legal_services_government
Secrétario;telesecretario.com;4.4;12.0;legal_services_government
Indemniflight;indemniflight.com;4.3;1103.0;legal_services_government
Divorce-MG;divorce-mg.fr;4.3;18.0;legal_services_government
Monexpertdudroit;monexpertdudroit.com;4.3;14.0;legal_services_government
BePortage;beportage.com;4.3;8.0;legal_services_government
JURISNOTAIRES;jurisnotaires.fr;4.3;8.0;legal_services_government
Smart Moov;smart-moov.fr;4.3;7.0;legal_services_government
Qualiplainte;qualiplainte.fr;4.2;40.0;legal_services_government
Coach Académie;www.coach-academie.fr;4.9;508.0;public_local_services
Happysitters;happysitters.fr;4.9;161.0;public_local_services
Mes Allocs;mes-allocs.fr;4.8;781.0;public_local_services
Masterfengtrading;www.masterfengtrading.com;4.8;102.0;public_local_services
Startdoc;startdoc.fr;4.8;70.0;public_local_services
Icemind;icemind.com;4.8;43.0;public_local_services
Balzeo;balzeo.com;4.7;124.0;public_local_services
Humacitia;humacitia.fr;4.7;53.0;public_local_services
Mon Bel Appart;monbelappart.com;4.7;51.0;public_local_services
Cory ESTOURNET;coryestournet.com;4.7;45.0;public_local_services
Gianni Bergandi;giannibergandi.com;4.7;29.0;public_local_services
Plaque décès;plaquedeces.fr;4.6;703.0;public_local_services
Les formations d'Antoine BM;antoinebm.com;4.6;318.0;public_local_services
Carbo;hellocarbo.com;4.6;41.0;public_local_services
Paul Fontaine;paul-fontaine.com;4.6;26.0;public_local_services
CERTyou;www.certyou.com;4.6;24.0;public_local_services
AD'Missions;www.admissions.fr;4.5;122.0;public_local_services
Benjamin Deleuze;benjamindeleuze.com;4.5;15.0;public_local_services
Imot3k.tech;imot3k.tech;4.5;14.0;public_local_services
Cecile Randoing;cecilerandoing.com;4.5;14.0;public_local_services
Directoproprio;www.directoproprio.com;4.5;13.0;public_local_services
Etat Civil en Ligne;etatcivilenligne.fr;4.4;76.0;public_local_services
Formation Photo Auvergne;formation-photo-auvergne.fr;4.4;18.0;public_local_services
Jardi Pieces;jardi-pieces.com;4.4;15.0;public_local_services
ComparateurBanque;www.comparateurbanque.com;4.4;12.0;public_local_services
Sanrivaljardin;sanrivaljardin.com;4.3;28.0;public_local_services
Mayamaara;mayamaara.com;4.3;12.0;public_local_services
CLB Consulting;www.consulting-clb.fr;4.3;10.0;public_local_services
HypnoWay;www.hypnoway.fr;4.3;8.0;public_local_services
Smart Moov;smart-moov.fr;4.3;7.0;public_local_services
Grade Up;grade-up.fr;4.3;7.0;public_local_services
Durance Granulats;durance-granulats.com;4.2;11.0;public_local_services
Excellencesoutienscolaire;excellencesoutienscolaire.com;4.2;11.0;public_local_services
Créateurs d’Intérieur;createursdinterieur.com;4.2;7.0;public_local_services
Sidiki Sako;school.sidikisako.com;4.2;6.0;public_local_services
union-trader.com;union-trader.com;4.2;6.0;public_local_services
plantcaretools.com;plantcaretools.com;4.1;11.0;public_local_services
Paperboy;getyourpaperboy.com;4.1;9.0;public_local_services
Active Learning Solutions;active-consultants.com;4.1;5.0;public_local_services
Be Outside Pro;be-outside-pro.com;4.1;5.0;public_local_services
Alexandre Rosenberg;alexandrerosenberg.fr;5.0;515.0;shopping_fashion
abc-marquage.com;abc-marquage.com;4.9;24392.0;shopping_fashion
Chic Time;www.chic-time.fr;4.9;7127.0;shopping_fashion
Maison de MaMoulia;mamoulia.fr;4.9;1139.0;shopping_fashion
Gens de Confiance;gensdeconfiance.com;4.9;1062.0;shopping_fashion
Objectif Horlogerie;www.objectifhorlogerie.fr;4.9;912.0;shopping_fashion
Les Fleurs Dupont;lesfleursdupont.com;4.9;707.0;shopping_fashion
Celinni;celinni.com;4.9;635.0;shopping_fashion
Newperle;newperle.fr;4.9;479.0;shopping_fashion
Mondialmontres;mondialmontres.fr;4.9;477.0;shopping_fashion
Illustres Bidules;illustresbidules.com;4.9;432.0;shopping_fashion
LNLM;lnlm.fr;4.9;424.0;shopping_fashion
Verhoeven Joaillier;verhoeven-joaillier.com;4.9;336.0;shopping_fashion
Les plumes d'Amazone;lesplumesdamazone.com;4.9;263.0;shopping_fashion
i-diamants.com;www.i-diamants.com;4.9;251.0;shopping_fashion
Oui Oui Bunny;ouiouibunny.fr;4.9;250.0;shopping_fashion
cgb.fr;www.cgbfr.com;4.9;230.0;shopping_fashion
Main Gauche;main-gauche.com;4.9;201.0;shopping_fashion
LEASE A WATCH;www.leaseawatch.fr;4.9;183.0;shopping_fashion
La Malle aux Canailles;lamalleauxcanailles.fr;4.9;174.0;shopping_fashion
Le Papa de Jojo;www.papadejojo.fr;4.9;157.0;shopping_fashion
Amay Sancha ;amaysanchashop.com;4.9;150.0;shopping_fashion
Nos minis;nosminis.fr;4.9;150.0;shopping_fashion
JOALY.fr;www.joaly.fr;4.9;146.0;shopping_fashion
Keputch;www.keputch.com;4.9;138.0;shopping_fashion
Gentlemenclover;gentlemenclover.com;4.9;138.0;shopping_fashion
Paulinemode;paulinemode.com;4.9;128.0;shopping_fashion
Et Paris;etparis.com;4.9;123.0;shopping_fashion
Tienda Esquipulas;esquipulas.fr;4.9;105.0;shopping_fashion
Eleonaure;www.eleonaure.com;4.9;104.0;shopping_fashion
A-qui-S.fr;www.a-qui-s.fr;4.8;109705.0;shopping_fashion
Babylux;baby-lux.com;4.8;29503.0;shopping_fashion
Chrono24;chrono24.fr;4.8;8183.0;shopping_fashion
Prozic;prozic.com;4.8;7002.0;shopping_fashion
Usine23.com;www.usine23.com;4.8;6988.0;shopping_fashion
Cuirs Guignard;www.cuirs-guignard.com;4.8;5351.0;shopping_fashion
Champgrand;champgrand.fr;4.8;3190.0;shopping_fashion
Jean Station;www.jean-station.fr;4.8;2890.0;shopping_fashion
Gothyka;gothyka.com;4.8;2128.0;shopping_fashion
Bohm Paris;www.bohm-paris.com;4.8;2017.0;shopping_fashion
Vintage Football Area;vintagefootballarea.com;4.9;294.0;sports
Cruisin City;cruisincity.com;4.9;167.0;sports
Keputch;www.keputch.com;4.9;138.0;sports
L'Arène CrossFit Nakama;larenecrossfit-nakama.com;4.9;126.0;sports
Demivolte;demivolte.fr;4.9;102.0;sports
Fenril.fr, Chiens actifs & Outdoor;fenril.fr;4.8;13856.0;sports
La Caméra Embarquée;www.lacameraembarquee.fr;4.8;11766.0;sports
ALTITOO;altitoo.com;4.8;2848.0;sports
Meltonic;www.meltonic.fr;4.8;1685.0;sports
Snowcountry;snowcountry.fr;4.8;1570.0;sports
The Corner Shop;thecornershop.fr;4.8;1290.0;sports
Group Army Store / General Army Store;www.generalarmystore.fr;4.8;693.0;sports
Airsoft Operation;www.airsoftoperation.com;4.8;292.0;sports
Madeleine Jeux;www.madeleinejeux.fr;4.8;288.0;sports
Produbasket;produbasket.fr;4.8;263.0;sports
WorldChampionProducts;worldchampionproducts.com;4.8;225.0;sports
Action Parapente;www.action-parapente.fr;4.8;141.0;sports
ATHOM - ATHLETES ON THE MAT;www.athletesonthemat.com;4.8;125.0;sports
SkatePro;skatepro.fr;4.8;59.0;sports
Icemind;icemind.com;4.8;43.0;sports
Kevin Jehanno ;kevinjehanno-coaching.com;4.8;37.0;sports
Chin Mudra;chin-mudra.yoga;4.7;11083.0;sports
OPS-Store;www.ops-store.fr;4.7;7117.0;sports
CHULLANKA;www.chullanka.com;4.7;6101.0;sports
Rip Curl Europe;ripcurl.eu/fr;4.7;5152.0;sports
Louloubateaux;www.louloubateaux.com;4.7;2096.0;sports
Montagneshop;www.montagneshop.com;4.7;2045.0;sports
OVERSTIM.s;overstims.com;4.7;1989.0;sports
Bollywood Fashion Online;bollywood-fashion-online.com;4.7;1319.0;sports
Wodabox;wodabox.com;4.7;1003.0;sports
Foxtrot Marine;www.foxtrot-marine.com;4.7;936.0;sports
Markania.com;markania.com;4.7;688.0;sports
Horse Pilot;www.horsepilot.com;4.7;573.0;sports
Rxr Protect;rxrprotect.com;4.7;554.0;sports
Nenuphar Sailing Equipment;www.nenuphar.com;4.7;530.0;sports
tibtop;mytibtop.com;4.7;434.0;sports
Yogom;www.yogom.fr;4.7;401.0;sports
Priba Matériaux;www.pribamateriaux.fr;4.7;261.0;sports
Trailstore;trailstore.fr;4.7;245.0;sports
trotineo.fr 100% trottinette;www.trotineo.fr;4.7;234.0;sports
Terres d'Aventure;www.terdav.com;4.9;1292.0;travel_vacation
Tunnels de lave Réunion: Rando-Volcan;www.rando-volcan.com;4.9;1056.0;travel_vacation
Makila Voyages;www.makila.fr;4.9;750.0;travel_vacation
Ulysse;ulysse.travel;4.9;735.0;travel_vacation
Vintage Rides - Voyages Moto de Caractère;vintagerides.com;4.9;730.0;travel_vacation
Visa Connect;visa-connect.fr;4.9;695.0;travel_vacation
LA BOUTIQUE DES VACANCES, PRET A PARTIR;boutiquedesvacances.fr;4.9;198.0;travel_vacation
Glamaparis;www.glamaparis.com;4.9;150.0;travel_vacation
Kiwipal Voyages Nouvelle-Zélande;fr.kiwipal.com;4.9;80.0;travel_vacation
Aventures Nouvelle-France;aventuresnouvellefrance.com;4.8;948.0;travel_vacation
Autriche pro France;www.autriche.com;4.8;833.0;travel_vacation
Voyageurs du Monde;www.voyageursdumonde.fr;4.8;551.0;travel_vacation
Promo Thalasso;promothalasso.com;4.8;432.0;travel_vacation
Meltour;www.meltour.com;4.8;409.0;travel_vacation
Tamera | Aventure, treks & peuples du monde;tamera.fr;4.8;402.0;travel_vacation
Monde Authentique;monde-authentique.com;4.8;323.0;travel_vacation
DestinoMundo;destinomundo.com;4.8;172.0;travel_vacation
SeeYouGo.fr;seeyoubudapest.com;4.8;150.0;travel_vacation
Sportihome.com;sportihome.com;4.8;121.0;travel_vacation
Paris ATS;affordableairporttaxi.com;4.8;103.0;travel_vacation
Détours Madagascar Voyages;detoursmadagascar.com;4.8;81.0;travel_vacation
Experilang;www.experilang.fr;4.8;71.0;travel_vacation
Lemondecousumain;lemondecousumain.fr;4.8;66.0;travel_vacation
Best of France Tours;best-of-france.net;4.8;59.0;travel_vacation
Voyage in India;voyageinindia.fr;4.8;57.0;travel_vacation
Windward Islands Yachting & Travel;windward-islands.net;4.8;55.0;travel_vacation
QAUTIO;www.qautio.com;4.8;52.0;travel_vacation
So Vietnam Travel;www.so-vietnam-travel.com;4.8;45.0;travel_vacation
Icemind;icemind.com;4.8;43.0;travel_vacation
Voyage Kayak;voyage-kayak.com;4.8;42.0;travel_vacation
votre loueur professionnel;www.bandofboats.com;4.7;11833.0;travel_vacation
VSI;www.vsi-visa.com;4.7;2109.0;travel_vacation
MediaVacances.com;mediavacances.com;4.7;1881.0;travel_vacation
www.nouvellesiles.com;www.nouvellesiles.com;4.7;1579.0;travel_vacation
Allibert Trekking;www.allibert-trekking.com;4.7;1561.0;travel_vacation
Shanti Travel;shantitravel.com;4.7;1234.0;travel_vacation
City Segway Tours;www.citysegwaytours.com;4.7;867.0;travel_vacation
Intermedes;intermedes.com;4.7;513.0;travel_vacation
smartbnb;smartbnb.io;4.7;414.0;travel_vacation
Pur Voyages;www.purvoyages.com;4.7;285.0;travel_vacation
British Legends;www.britishlegends.fr;4.9;1112.0;vehicles_transportation
Sturny Jantes;sturny-jantes.fr;4.9;435.0;vehicles_transportation
LNLM;lnlm.fr;4.9;424.0;vehicles_transportation
German-Bikes.fr;www.german-bikes.fr;4.9;368.0;vehicles_transportation
Marseille Chauffeur Service;marseillechauffeurservice.com;4.9;187.0;vehicles_transportation
Gopneus;www.gopneus.com;4.9;172.0;vehicles_transportation
Select Automobiles;select-automobiles.fr;4.9;157.0;vehicles_transportation
Sayshuttle;www.sayshuttle.com;4.9;147.0;vehicles_transportation
Ledlighting France;ledlighting-france.fr;4.9;130.0;vehicles_transportation
Beltone Automobiles;beltone-automobiles.fr;4.9;64.0;vehicles_transportation
123Roulement;www.123roulement.com;4.8;35656.0;vehicles_transportation
Fenril.fr, Chiens actifs & Outdoor;fenril.fr;4.8;13856.0;vehicles_transportation
Cycletyres.fr;cycletyres.fr;4.8;13344.0;vehicles_transportation
La Caméra Embarquée;www.lacameraembarquee.fr;4.8;11766.0;vehicles_transportation
Purebike;purebike.fr;4.8;10604.0;vehicles_transportation
CICAR;cicar.com/fr;4.8;9727.0;vehicles_transportation
VELOPERFO;veloperfo.com;4.8;3368.0;vehicles_transportation
Mesplaques;mesplaques.fr;4.8;1795.0;vehicles_transportation
BMX Gangster;www.bmxgangster.com;4.8;1243.0;vehicles_transportation
IZIPARK NANTES;izipark-nantes.fr;4.8;483.0;vehicles_transportation
Bon Débarras;bondebarras.fr;4.8;442.0;vehicles_transportation
Trustoo;trustoo.fr;4.8;388.0;vehicles_transportation
FORD RENT;www.fordrent.fr;4.8;368.0;vehicles_transportation
HOMAT;homat.fr;4.8;275.0;vehicles_transportation
ChromeBurner Motorgear | France;www.chromeburner.fr;4.8;273.0;vehicles_transportation
monTransport.com;montransport.com;4.8;199.0;vehicles_transportation
Bio Ethanol e85;bio-ethanol-e85.com;4.8;151.0;vehicles_transportation
Stefandbike;www.stefandbike.com;4.8;140.0;vehicles_transportation
Sojadis Equipement;sojadis.com;4.8;134.0;vehicles_transportation
LYON'S AUTOMOBILES {SUJET OFFICIEL};www.lyonsautomobiles.com;4.8;128.0;vehicles_transportation
Paris ATS;affordableairporttaxi.com;4.8;103.0;vehicles_transportation
2TWENTY SCOOTERS;2twentyscooters.com;4.8;85.0;vehicles_transportation
Nissan BodemerAuto Saint-Brieuc;renault-nissan-saint-brieuc;4.8;69.0;vehicles_transportation
Yuccaloc;www.yuccaloc.com;4.8;59.0;vehicles_transportation
Groupe Astellia;groupe-astellia.fr;4.8;55.0;vehicles_transportation
Monchauffeurvip;monchauffeurvip.com;4.8;49.0;vehicles_transportation
Class-eDriver Limousine;class-edriver.fr;4.8;41.0;vehicles_transportation
L'Artisan Luxury Detailing;artisannettoyeur.com;4.8;39.0;vehicles_transportation
SnowDrone Transfers;snow-drone.com;4.8;36.0;vehicles_transportation
TONNYCAT;www.tonnycat.com;4.7;7755.0;vehicles_transportation
